step,time_s,root_x_w,root_y_w,root_z_w,root_vx_b,root_vy_b,root_vz_b,root_wx_b,root_wy_b,root_wz_b,roll_deg,pitch_deg,yaw_drift_deg,yaw_feedback_action,foot_contact_count,stride_ik_max_abs_action_delta,contact_BL_FOOT,contact_BR_FOOT,contact_ML_FOOT,contact_MR_FOOT,foot_xy_speed_BL_FOOT,foot_xy_speed_BR_FOOT,foot_xy_speed_ML_FOOT,foot_xy_speed_MR_FOOT
0,0.0,0.059089064598083496,-0.02058676816523075,0.15639735758304596,0.03755916655063629,0.546695351600647,0.25865086913108826,0.19004225730895996,-0.7247862219810486,0.48976996541023254,-0.06553623825311661,-0.34785670042037964,0.0,0.019989416003227234,3,0.030798912048339844,1,1,0,1,0.7390211224555969,0.1504131704568863,0.3718571066856384,0.10266941785812378
1,0.02,0.05235257372260094,-0.01635897532105446,0.15919379889965057,0.0020284652709960938,0.33264797925949097,0.05487344413995743,0.29429250955581665,-0.7071486711502075,0.24557344615459442,0.2327367663383484,-1.1655577421188354,0.3540496826171875,-0.345374196767807,0,0.0,0,0,0,0,0.7945542931556702,0.6703447103500366,1.0482250452041626,1.215384602546692
2,0.04,0.04698818176984787,-0.013799834996461868,0.15819621086120605,-0.04648035764694214,0.27301719784736633,-0.12519381940364838,0.23047614097595215,-0.637618899345398,-0.018545079976320267,0.5242352485656738,-1.9330207109451294,0.45198822021484375,-0.17721733450889587,0,0.02669239044189453,0,0,0,0,0.9700576663017273,0.9329782128334045,1.0333857536315918,1.51425039768219
3,0.06,0.04187416285276413,-0.011829828843474388,0.15504810214042664,-0.05907595157623291,0.2625786066055298,-0.2047681361436844,-0.05137382447719574,-0.6784321069717407,-0.0624973438680172,0.5239499807357788,-2.7294349670410156,0.38265228271484375,0.0068963742814958096,0,0.0956878662109375,0,0,0,0,0.953835129737854,1.1467831134796143,1.0675455331802368,1.426622748374939
4,0.08,0.03924884647130966,-0.010561622679233551,0.15310066938400269,0.027910348027944565,0.0813337117433548,-0.08320964127779007,-0.03526061773300171,1.8558149337768555,0.8546810746192932,0.3900599479675293,-1.417188286781311,0.9961700439453125,0.03820755332708359,1,0.20294952392578125,0,0,1,0,0.3491036593914032,1.05504310131073,0.1257791668176651,1.4165308475494385
5,0.1,0.036954764276742935,-0.009197413921356201,0.15232525765895844,-0.0233146995306015,0.18377341330051422,0.04298924282193184,-0.7865950465202332,1.6922590732574463,-0.7379462718963623,-0.25381454825401306,0.509446382522583,0.9226531982421875,-0.3499999940395355,2,0.32845306396484375,0,1,1,0,0.43464311957359314,0.03335738927125931,0.16307730972766876,1.1757733821868896
6,0.12,0.03399403393268585,-0.004739558324217796,0.15338297188282013,0.20660065114498138,0.29631730914115906,0.1975918859243393,0.22419597208499908,0.5043174028396606,0.5783662796020508,-0.6046253442764282,1.85683274269104,0.9658279418945312,0.3499999940395355,2,0.2391357421875,0,0,1,1,0.7073296904563904,0.14028997719287872,0.010003553703427315,0.08306923508644104
7,0.14,0.029265021905303,-5.3044408559799194e-05,0.15471768379211426,0.014622479677200317,0.3522615134716034,0.0007747386116534472,0.5296841859817505,-0.9973682761192322,-0.11551233381032944,-0.1373458057641983,1.3854260444641113,1.0929527282714844,-0.3499999940395355,1,0.2612457275390625,0,0,0,1,0.7466917037963867,1.3225111961364746,0.3240436315536499,0.6527286171913147
8,0.16,0.022680971771478653,0.0034545883536338806,0.15445296466350555,-0.03390209376811981,0.3840075135231018,-0.031020991504192352,-0.03675997257232666,-1.58970308303833,0.2082756608724594,0.08498068898916245,-0.17860522866249084,1.2619781494140625,0.06973937153816223,1,0.25244140625,0,0,0,1,1.0103192329406738,1.3768330812454224,1.0412870645523071,0.8229529857635498
9,0.18,0.015727514401078224,0.00677125621587038,0.15673133730888367,0.003316253423690796,0.3789790868759155,0.27922117710113525,0.5677744746208191,-0.07858824729919434,0.486510306596756,0.360505610704422,-0.9301592111587524,1.6773300170898438,-0.15823981165885925,2,0.224151611328125,0,0,1,1,0.9893878698348999,1.5006786584854126,0.0254015251994133,0.020865272730588913
10,0.2,0.009307758882641792,0.010289905592799187,0.16404712200164795,-0.01287241280078888,0.3537873327732086,0.35492587089538574,0.9473053216934204,-0.05984190106391907,-0.5687150359153748,1.2985252141952515,-0.9960304498672485,1.5313835144042969,-0.3499999940395355,2,0.3394012451171875,0,0,1,1,0.6695088148117065,1.0584664344787598,0.31446215510368347,0.22540172934532166
11,0.22,0.0036187265068292618,0.014886442571878433,0.1694888025522232,0.08210745453834534,0.36975330114364624,0.1741066426038742,0.9777727127075195,0.2511076033115387,0.7757161259651184,2.5240540504455566,-0.6604780554771423,1.9874458312988281,0.3499999940395355,2,0.43384552001953125,0,1,1,0,0.8532127737998962,0.10754452645778656,0.3097380995750427,0.6412884593009949
12,0.24,-0.005141502246260643,0.01890380308032036,0.17668993771076202,-0.05666148662567139,0.5573189854621887,0.3940977454185486,-0.19665879011154175,0.10874029248952866,-0.4824921488761902,2.6022324562072754,-0.5705800652503967,1.8832130432128906,-0.3499999940395355,2,0.1784820556640625,0,1,1,0,1.0302400588989258,0.025234026834368706,0.18736107647418976,1.591402292251587
13,0.26,-0.01372288353741169,0.023964159190654755,0.185054749250412,0.03881697356700897,0.48480671644210815,0.4181482195854187,-0.5438240766525269,0.31387603282928467,0.47898876667022705,2.128833532333374,-0.3055875599384308,2.0870094299316406,0.3204186260700226,2,0.1848907470703125,0,1,1,0,1.3173296451568604,0.3290553390979767,0.03486865758895874,1.447238564491272
14,0.28,-0.021172786131501198,0.030409440398216248,0.19199074804782867,0.13355323672294617,0.4877161383628845,0.31069621443748474,-0.48560717701911926,0.7970098853111267,-0.221282497048378,1.5632787942886353,0.3647881746292114,2.19000244140625,-0.3499999940395355,2,0.2152862548828125,0,1,1,0,1.3442354202270508,0.4112524390220642,0.2549631893634796,1.4809118509292603
15,0.3,-0.026911910623311996,0.036217160522937775,0.19413983821868896,0.10449818521738052,0.36102408170700073,0.03184768185019493,-0.22558239102363586,0.16269764304161072,0.17603424191474915,1.260443091392517,0.7973687648773193,2.292491912841797,0.1351623833179474,0,0.2545928955078125,0,0,0,0,1.0306016206741333,0.5973151922225952,1.5201369524002075,1.3013430833816528
16,0.32,-0.032623425126075745,0.041057828813791275,0.19236765801906586,0.04660508781671524,0.37267011404037476,-0.14962898194789886,-0.45204031467437744,0.2601620554924011,-0.1837911456823349,0.8534579873085022,1.060150146484375,2.2617835998535156,-0.14376431703567505,0,0.2938690185546875,0,0,0,0,1.0354344844818115,0.8893209099769592,1.646866798400879,1.1619198322296143
17,0.34,-0.038539089262485504,0.04589693248271942,0.1881764829158783,0.07121186703443527,0.3493095338344574,-0.16790586709976196,-0.6346238851547241,-1.8575506210327148,-0.0006844834424555302,0.19110457599163055,0.39630618691444397,2.266937255859375,0.10835456848144531,1,0.3218231201171875,0,0,0,1,0.5948460102081299,0.8697929978370667,1.5085844993591309,0.04970385506749153
18,0.36,-0.04593225568532944,0.05021856725215912,0.18315143883228302,-0.0638684332370758,0.4898771047592163,-0.28730708360671997,0.5209957957267761,-1.7642595767974854,-0.04144160449504852,0.2234967201948166,-1.4341161251068115,2.211902618408203,-0.019860589876770973,1,0.347808837890625,0,0,0,1,0.6492583751678467,1.269272804260254,1.5784897804260254,0.09478072822093964
19,0.38,-0.05493789166212082,0.05397435277700424,0.18054185807704926,-0.04201182723045349,0.4861394464969635,0.1061365008354187,-0.7767179012298584,0.21947963535785675,0.09170586615800858,0.14802537858486176,-2.2683959007263184,2.1652450561523438,0.009101660922169685,3,0.35129547119140625,1,0,1,1,0.023029865697026253,1.178640365600586,0.38799649477005005,0.18603619933128357
20,0.4,-0.06315135955810547,0.05765489488840103,0.18377874791622162,-0.019935131072998047,0.40666621923446655,0.27679020166397095,-0.4756595194339752,0.7316762804985046,0.007419175002723932,-0.5923274159431458,-1.653961420059204,2.204326629638672,-0.08373507112264633,2,0.4561614990234375,0,0,1,1,0.18746988475322723,1.2085047960281372,0.026736561208963394,0.49265503883361816
21,0.42,-0.07055739313364029,0.06210343539714813,0.18972741067409515,0.03995780646800995,0.443763792514801,0.34004488587379456,0.13487325608730316,0.5050678849220276,-0.05869869142770767,-0.7454030513763428,-0.9612358212471008,2.1519851684570312,-0.025041338056325912,2,0.49248504638671875,0,0,1,1,0.22741049528121948,1.3097949028015137,0.02677462436258793,0.03176667541265488
22,0.44,-0.07740695029497147,0.06628354638814926,0.19765615463256836,0.014860451221466064,0.35567471385002136,0.465332567691803,-0.0007568523287773132,0.19943083822727203,0.26457157731056213,-0.6374874711036682,-0.5926912426948547,2.2854843139648438,0.021652188152074814,3,0.493560791015625,1,0,1,1,0.16597571969032288,1.1075139045715332,0.061476144939661026,0.023982275277376175
23,0.46,-0.0838874876499176,0.06894195079803467,0.20679734647274017,-0.07682947814464569,0.3297172784805298,0.4750690460205078,0.10778433829545975,0.04582330957055092,-0.4085262715816498,-0.5729615688323975,-0.4636002779006958,2.125049591064453,-0.20568546652793884,3,0.49568939208984375,1,0,1,1,0.39283594489097595,0.7464994788169861,0.02416861616075039,0.018130702897906303
24,0.48,-0.09013806283473969,0.07112964242696762,0.21338507533073425,-0.017024502158164978,0.31235581636428833,0.22968308627605438,0.20585614442825317,0.8955634832382202,0.884759247303009,-0.3936562240123749,0.19631177186965942,2.5171890258789062,0.2667430639266968,1,0.4968223571777344,0,0,1,0,0.1060044914484024,0.11885078251361847,0.5548599362373352,0.3313729465007782
25,0.5,-0.09607157111167908,0.0740651786327362,0.21392323076725006,0.00997994840145111,0.3392132520675659,-0.10458020865917206,0.5979588031768799,1.126140832901001,-0.12886522710323334,0.19166333973407745,1.3242355585098267,2.8339881896972656,-0.3499999940395355,0,0.48920440673828125,0,0,0,0,0.6059582829475403,0.6260931491851807,0.5323355793952942,1.7632381916046143
26,0.52,-0.10109376907348633,0.0769486352801323,0.21111048758029938,0.02869322896003723,0.23578804731369019,-0.1662946194410324,0.22785362601280212,1.362566351890564,0.4352530837059021,0.6487689018249512,2.442347764968872,3.0176734924316406,0.06541238725185394,1,0.46709442138671875,0,0,1,0,0.4009040594100952,0.748833179473877,0.12259344756603241,1.7953159809112549
27,0.54,-0.10814934968948364,0.08066084235906601,0.21051277220249176,0.028266921639442444,0.4916270077228546,-0.004675764590501785,-0.03440692648291588,-0.10278806835412979,0.15204113721847534,0.5606068968772888,2.637249708175659,3.2619895935058594,-0.33091312646865845,2,0.4519195556640625,0,1,1,0,0.6938437819480896,0.018295086920261383,0.2522667944431305,1.6912658214569092
28,0.56,-0.11645226180553436,0.08682456612586975,0.21129441261291504,0.09879054129123688,0.5327869057655334,0.0900566354393959,-0.18140554428100586,-0.5755017995834351,-0.06435082107782364,0.46730518341064453,2.0725815296173096,3.3784713745117188,-0.13458362221717834,2,0.135406494140625,0,1,1,0,1.078609585762024,0.011619185097515583,0.0034606177359819412,1.3800197839736938
29,0.58,-0.12506887316703796,0.09527821838855743,0.213717982172966,0.22264926135540009,0.6144933700561523,0.19268395006656647,-0.5449166893959045,-0.03635510802268982,0.05689912289381027,0.017041927203536034,1.752224326133728,3.372028350830078,0.01597595401108265,2,0.19355010986328125,0,1,1,0,1.0311096906661987,0.013516032136976719,0.011537757702171803,1.3895320892333984
30,0.6,-0.13296645879745483,0.10522547364234924,0.21473047137260437,0.25464439392089844,0.5561357736587524,-0.00824852753430605,-0.42019394040107727,0.731514573097229,0.007623642683029175,-0.530981183052063,2.2881758213043213,3.4092864990234375,-0.06884852051734924,0,0.2454376220703125,0,0,0,0,0.9519355893135071,0.5453064441680908,0.5766712427139282,1.242469310760498
31,0.62,-0.13885605335235596,0.11176791787147522,0.2125198245048523,0.09801803529262543,0.3648127317428589,-0.12399192154407501,-0.49918684363365173,-0.7196763753890991,-0.34734660387039185,-1.0960814952850342,1.8231176137924194,3.2295455932617188,-0.03464831784367561,1,0.2750396728515625,0,0,0,1,0.5387416481971741,1.172297477722168,1.6849395036697388,0.050719838589429855
32,0.64,-0.14509037137031555,0.11679801344871521,0.20810355246067047,0.05711451172828674,0.43405449390411377,-0.23716016113758087,0.1047709584236145,-1.4663599729537964,0.2488415390253067,-1.3369369506835938,0.550421953201294,3.211132049560547,0.21524260938167572,1,0.294219970703125,0,0,0,1,0.5704256296157837,1.406829833984375,1.692226767539978,0.03431156277656555
33,0.66,-0.1532713770866394,0.12128610908985138,0.2016073614358902,-0.04268006980419159,0.5047035813331604,-0.3760288953781128,0.5011379718780518,-2.4456701278686523,-0.3028722405433655,-0.9654592275619507,-1.7535938024520874,3.1410675048828125,-0.2019444704055786,1,0.309661865234375,0,0,0,1,0.9535367488861084,1.4626617431640625,2.036895275115967,0.047165561467409134
34,0.68,-0.16271820664405823,0.12644346058368683,0.19978155195713043,0.00940588116645813,0.5206372737884521,0.06820224225521088,-0.9022817611694336,0.2238200604915619,0.5318892002105713,-1.7484959363937378,-2.1813368797302246,3.2405014038085938,0.18480545282363892,3,0.3406105041503906,1,0,1,1,0.011414390988647938,1.2460330724716187,0.9481979012489319,0.021076450124382973
35,0.7000000000000001,-0.17269301414489746,0.13092264533042908,0.20138822495937347,-0.043304651975631714,0.5555545687675476,0.18032462894916534,-0.5225988626480103,0.5007535815238953,0.22809910774230957,-2.634943962097168,-1.6490830183029175,3.610492706298828,-0.3499999940395355,2,0.4303779602050781,0,0,1,1,0.7178595662117004,1.0116475820541382,0.032442379742860794,0.020903564989566803
36,0.72,-0.1830650269985199,0.13540303707122803,0.2050362527370453,-0.03489312529563904,0.5487673878669739,0.28376227617263794,-0.06447149813175201,0.36886000633239746,-0.07776845246553421,-2.9108359813690186,-1.143384575843811,3.6513900756835938,-0.19056139886379242,3,0.4617042541503906,1,0,1,1,0.42804574966430664,0.786467969417572,0.03615913167595863,0.050061363726854324
37,0.74,-0.19180047512054443,0.139702707529068,0.21137428283691406,0.025057941675186157,0.4118126332759857,0.40641993284225464,-0.051571592688560486,0.2919979691505432,0.3753214180469513,-3.0416197776794434,-0.7377411723136902,3.8507308959960938,0.023224730044603348,3,0.4604759216308594,1,0,1,1,0.5651981830596924,0.6413073539733887,0.04243035241961479,0.04195410758256912
38,0.76,-0.19965951144695282,0.14346401393413544,0.2190956473350525,-0.04551544785499573,0.4202757179737091,0.4137597680091858,0.2674129903316498,0.16243761777877808,-0.467825323343277,-2.960606098175049,-0.44568827748298645,3.7315101623535156,-0.29550373554229736,3,0.464202880859375,1,0,1,1,0.6317945718765259,0.582608699798584,0.030671795830130577,0.06086668744683266
39,0.78,-0.20664770901203156,0.14692899584770203,0.2248752862215042,0.04044634848833084,0.3378189206123352,0.20922638475894928,0.1787194311618805,1.0115809440612793,0.897061824798584,-2.829850196838379,0.3818081319332123,4.0585784912109375,0.29563528299331665,2,0.4717216491699219,1,0,1,0,0.4607411324977875,0.7064827680587769,0.5922807455062866,0.431616872549057
40,0.8,-0.2130071222782135,0.15049228072166443,0.22453077137470245,0.019751548767089844,0.38239094614982605,-0.13944491744041443,0.7340741157531738,1.432525634765625,-0.040457360446453094,-2.142306327819824,1.7687780857086182,4.418159484863281,-0.3499999940395355,0,0.47853851318359375,0,0,0,0,0.3271435499191284,0.4373483657836914,0.31629493832588196,1.638792872428894
41,0.8200000000000001,-0.21872037649154663,0.15402831137180328,0.22069048881530762,0.06338578462600708,0.29610976576805115,-0.2045997679233551,0.30476632714271545,1.5300625562667847,0.42572376132011414,-1.5503262281417847,3.266939163208008,4.599891662597656,-0.008915238082408905,1,0.47090911865234375,0,0,1,0,0.3148851692676544,1.0292391777038574,0.2296130657196045,1.897021770477295
42,0.84,-0.22592207789421082,0.15858328342437744,0.21818003058433533,0.08151111006736755,0.5119777321815491,-0.08064617216587067,-0.06861282885074615,-0.43210116028785706,0.33607909083366394,-1.5911741256713867,3.3389272689819336,5.016204833984375,-0.33666932582855225,2,0.463409423828125,0,1,1,0,0.6307284235954285,0.015961797907948494,0.32750141620635986,1.662718415260315
43,0.86,-0.23426537215709686,0.1647111177444458,0.21609781682491302,0.09653833508491516,0.5221505165100098,-0.0597904697060585,-0.2563369870185852,-0.6773048639297485,-0.16754910349845886,-1.7753733396530151,2.557701587677002,5.205810546875,-0.2771877646446228,2,0.10617828369140625,0,1,1,0,1.1330770254135132,0.016424234956502914,0.1320592612028122,1.220285177230835
44,0.88,-0.24335837364196777,0.1722288280725479,0.2143486738204956,0.17409485578536987,0.6156078577041626,-0.017303168773651123,-0.3904668986797333,-0.23637878894805908,0.15537452697753906,-2.1306405067443848,2.021822929382324,5.215877532958984,0.07386273145675659,2,0.17826080322265625,0,1,1,0,1.0654937028884888,0.012151990085840225,0.006729497574269772,0.9474130868911743
45,0.9,-0.2511249780654907,0.17976632714271545,0.21737204492092133,0.18022924661636353,0.4822527766227722,0.2957203686237335,0.10092204809188843,-0.5405177474021912,-0.44667673110961914,-2.325746774673462,1.1937074661254883,4.960704803466797,-0.1522628664970398,3,0.2514190673828125,0,1,1,1,1.2152493000030518,0.6113529801368713,0.010837938636541367,0.06742583215236664
46,0.92,-0.25781357288360596,0.18551842868328094,0.22056502103805542,0.05115771293640137,0.40114858746528625,0.1402636468410492,0.7249690890312195,-0.7114693522453308,0.4754369258880615,-1.7226225137710571,0.49498432874679565,5.114814758300781,0.27117720246315,1,0.294769287109375,0,0,0,1,0.9159488677978516,0.3177463114261627,1.7299087047576904,0.03651653230190277
47,0.9400000000000001,-0.26529383659362793,0.1883513629436493,0.22181303799152374,-0.11366276443004608,0.39541974663734436,-0.016588879749178886,0.8969488739967346,-1.1264363527297974,-0.5006648898124695,-0.7922122478485107,-0.6037452816963196,5.036369323730469,-0.3499999940395355,1,0.315948486328125,0,0,0,1,0.4533136785030365,1.1862437725067139,2.095757246017456,0.023864882066845894
48,0.96,-0.2726348638534546,0.19079376757144928,0.22037076950073242,0.034556612372398376,0.3821113109588623,-0.015702227130532265,-0.18312588334083557,-0.8013800978660583,0.8780800104141235,0.033025339245796204,-2.0283515453338623,5.21356201171875,0.30837470293045044,2,0.3127593994140625,1,0,0,1,0.18282867968082428,0.8495966196060181,1.1686592102050781,0.06024077907204628
49,0.98,-0.2804515063762665,0.1936570554971695,0.21879632771015167,-0.09162169694900513,0.45118412375450134,-0.06567695736885071,-0.37040039896965027,-0.05507814884185791,-0.2554742991924286,-0.27219077944755554,-2.4414777755737305,5.482002258300781,-0.3499999940395355,2,0.2233428955078125,1,0,0,1,0.3769129812717438,1.1659753322601318,1.6080960035324097,0.021905172616243362
50,1.0,-0.28876176476478577,0.19671641290187836,0.2173021286725998,-0.013276457786560059,0.43894141912460327,-0.030914587900042534,-0.7302283048629761,-0.15464675426483154,0.30562931299209595,-0.9081934690475464,-2.3741090297698975,5.527091979980469,0.133241206407547,2,0.33556365966796875,1,0,0,1,0.3055535852909088,1.3569083213806152,1.1318490505218506,0.009563839994370937
51,1.02,-0.2968975901603699,0.1998254954814911,0.21508406102657318,-0.049538373947143555,0.43340715765953064,-0.06307482719421387,-0.8377242684364319,-0.023691028356552124,0.12213277071714401,-1.8293999433517456,-2.703239679336548,5.7388153076171875,-0.2598854601383209,3,0.43065643310546875,1,0,1,1,0.1402130424976349,1.3345017433166504,0.6963979601860046,0.08394468575716019
52,1.04,-0.3042087256908417,0.2035183161497116,0.2151108980178833,0.015209197998046875,0.42950183153152466,0.08148816972970963,-0.7198881506919861,0.6517916321754456,0.1957671195268631,-2.7654197216033936,-1.9387503862380981,5.95001220703125,-0.1331007480621338,3,0.47165679931640625,1,0,1,1,0.7007978558540344,1.1031639575958252,0.03324514627456665,0.04719569534063339
53,1.06,-0.3117351830005646,0.2072727382183075,0.21627868711948395,0.018752768635749817,0.41163843870162964,0.1342690885066986,-0.284619003534317,0.42835330963134766,0.15539196133613586,-3.387526035308838,-1.206124186515808,6.106964111328125,-0.18630346655845642,3,0.468536376953125,1,0,1,1,1.0081368684768677,0.8199875354766846,0.05586239695549011,0.0867014229297638
54,1.08,-0.3186204135417938,0.21077017486095428,0.21870853006839752,0.02265942096710205,0.3612104058265686,0.17543011903762817,0.10993257910013199,0.10650674253702164,0.08659644424915314,-3.5845022201538086,-0.8012071251869202,6.221771240234375,-0.15927360951900482,3,0.4686851501464844,1,0,1,1,0.9347265362739563,0.5909345746040344,0.04551726579666138,0.07062377780675888
55,1.1,-0.32507967948913574,0.21404778957366943,0.2214951068162918,0.01940833032131195,0.35436248779296875,0.13698741793632507,0.9152994155883789,-0.17660009860992432,0.1709163635969162,-2.994706630706787,-0.8608306050300598,6.39013671875,-0.11201833933591843,3,0.4741058349609375,1,0,1,1,0.5386906862258911,0.6315938234329224,0.01871536672115326,0.025196194648742676
56,1.12,-0.3318834900856018,0.21802552044391632,0.2218034863471985,0.04620032012462616,0.4164069890975952,-0.05408231541514397,1.119585633277893,1.1505157947540283,-0.06128069758415222,-1.8169524669647217,-0.09703082591295242,6.399322509765625,-0.17236477136611938,1,0.4850578308105469,0,0,1,0,0.5114762783050537,0.9452111721038818,0.017682911828160286,1.1568602323532104
57,1.1400000000000001,-0.33834630250930786,0.2230958193540573,0.21988600492477417,0.07753728330135345,0.4358680248260498,-0.04033846780657768,0.3141181170940399,-0.13883720338344574,0.6967278122901917,-0.7537757754325867,0.7695478200912476,6.850730895996094,-0.009898774325847626,2,0.4956169128417969,0,1,1,0,0.5843454003334045,0.06434531509876251,0.05084424838423729,1.769896388053894
58,1.16,-0.3460206389427185,0.22816018760204315,0.21821069717407227,0.07725664973258972,0.4738394021987915,-0.08255615085363388,0.14493714272975922,-0.2431952804327011,0.011263665743172169,-0.45596984028816223,0.5917528867721558,7.23236083984375,-0.3499999940395355,2,0.07284927368164062,0,1,1,0,0.7598915100097656,0.014490692876279354,0.14442577958106995,1.8572847843170166
59,1.18,-0.35339027643203735,0.23282505571842194,0.216652974486351,0.04193809628486633,0.4018457531929016,-0.03887563943862915,-0.14104503393173218,-0.34581810235977173,0.061467546969652176,-0.4590124189853668,0.16916806995868683,7.330696105957031,-0.0672226995229721,2,0.14654541015625,0,1,1,0,1.0798741579055786,0.013250138610601425,0.007311247289180756,1.3450855016708374
60,1.2,-0.36142808198928833,0.23780657351016998,0.21567797660827637,0.08285675942897797,0.5252057313919067,-0.012090068310499191,-0.20297451317310333,-0.02752102166414261,0.015251925215125084,-0.6596338152885437,-0.04878292232751846,7.368080139160156,-0.10313773155212402,2,0.2363739013671875,0,1,1,0,1.3682365417480469,0.017447931692004204,0.007341622840613127,1.1725642681121826
61,1.22,-0.3707727789878845,0.24481825530529022,0.21546123921871185,0.16416911780834198,0.6097583770751953,0.04463068023324013,-0.37327128648757935,0.5227788090705872,0.10930583626031876,-0.9990329146385193,0.25909852981567383,7.413032531738281,-0.071080282330513,2,0.3260650634765625,0,1,1,0,1.2093017101287842,0.015218890272080898,0.01185788307338953,0.5934227705001831
62,1.24,-0.3795055150985718,0.2529489994049072,0.2156217098236084,0.11401798576116562,0.42008450627326965,0.1924767941236496,-0.08204635977745056,0.23752935230731964,-0.26505234837532043,-1.4137718677520752,1.360781192779541,7.352058410644531,-0.13727116584777832,3,0.383880615234375,0,1,1,1,1.238674283027649,0.35868701338768005,0.0031646282877773046,0.010564212687313557
63,1.26,-0.3853367567062378,0.2571627199649811,0.21648801863193512,0.019337952136993408,0.3116411566734314,0.01976999267935753,0.3491821885108948,-0.7858783006668091,-0.1116984561085701,-1.2286120653152466,1.024652123451233,7.238502502441406,0.12525838613510132,1,0.4061279296875,0,0,0,1,0.7613696455955505,0.6680965423583984,1.7601912021636963,0.02566550113260746
64,1.28,-0.39171740412712097,0.2600162923336029,0.21643444895744324,-0.011281028389930725,0.39695900678634644,0.0828721672296524,-0.21000544726848602,-0.4309311807155609,-0.18184371292591095,-0.980749249458313,0.10939370095729828,7.0686187744140625,0.018802620470523834,2,0.42218017578125,1,0,0,1,0.041299156844615936,0.9279964566230774,1.7881593704223633,0.017264170572161674
65,1.3,-0.39992791414260864,0.2637659013271332,0.21786904335021973,-0.018760204315185547,0.49209654331207275,0.11008082330226898,-0.13169768452644348,0.2326403260231018,-0.5912894606590271,-1.1734166145324707,0.1427835077047348,6.588340759277344,0.0692385733127594,2,0.115814208984375,1,0,0,1,0.02672797255218029,1.0888234376907349,1.227880835533142,0.02536998875439167
66,1.32,-0.4092070162296295,0.26779475808143616,0.2193928360939026,-0.02975943684577942,0.5210387706756592,0.10688447207212448,-0.2972339689731598,-0.31828874349594116,-0.12078017741441727,-1.4470993280410767,0.07558529078960419,6.2434234619140625,0.3499999940395355,2,0.22797775268554688,1,0,0,1,0.03304549679160118,0.9222890734672546,1.4449752569198608,0.031526487320661545
67,1.34,-0.41972318291664124,0.27121177315711975,0.22169159352779388,-0.10523855686187744,0.5513164401054382,0.1646813005208969,-0.12201623618602753,0.41609618067741394,-0.3343087136745453,-1.7437306642532349,0.5440106391906738,5.912322998046875,0.032975129783153534,3,0.3408164978027344,1,0,1,1,0.5918703675270081,0.8445927500724792,0.046721357852220535,0.054205819964408875
68,1.36,-0.4306384325027466,0.27390941977500916,0.2231990545988083,-0.11373734474182129,0.5380877256393433,0.06046920269727707,-0.4563983082771301,1.2333465814590454,0.3602740168571472,-2.188955783843994,1.5678728818893433,5.931297302246094,0.18504561483860016,1,0.42760467529296875,0,0,1,0,0.7624323964118958,0.7036357522010803,0.12413465231657028,0.1701573133468628
69,1.3800000000000001,-0.44145482778549194,0.27690187096595764,0.21924950182437897,-0.05294686555862427,0.5726635456085205,-0.30015549063682556,0.18429255485534668,1.1833792924880981,0.09266400337219238,-2.138221263885498,2.7914772033691406,6.1290740966796875,-0.30131131410598755,0,0.46657562255859375,0,0,0,0,0.46919161081314087,0.299309104681015,0.42244604229927063,1.1678369045257568
70,1.4000000000000001,-0.45154044032096863,0.2807890772819519,0.21261602640151978,0.09209400415420532,0.5050916075706482,-0.25453221797943115,-0.2622682452201843,0.663618803024292,0.7469332814216614,-2.091433525085449,4.251772880554199,6.387901306152344,-0.11553767323493958,2,0.4624290466308594,0,1,1,0,0.9551506042480469,1.5774242877960205,0.08957555145025253,1.4470949172973633
71,1.42,-0.460493803024292,0.2856403887271881,0.20841121673583984,0.07476256787776947,0.5059329867362976,-0.0614272803068161,-1.2192087173461914,0.6006679534912109,0.3773198127746582,-3.014483690261841,5.0684051513671875,6.849998474121094,-0.3499999940395355,2,0.14083099365234375,0,1,1,0,1.035496473312378,0.02895939163863659,0.029401183128356934,1.2471733093261719
72,1.44,-0.4703277349472046,0.2925637662410736,0.20547735691070557,0.18543599545955658,0.6609501838684082,-0.035232722759246826,-0.9895391464233398,-0.1970834732055664,0.3890225291252136,-4.23589563369751,5.225714683532715,7.235649108886719,-0.3204588294029236,2,0.19010162353515625,0,1,1,0,0.9634106159210205,0.021247589960694313,0.3179559111595154,1.2427502870559692
73,1.46,-0.47932395339012146,0.2999383211135864,0.2048632800579071,0.11694063991308212,0.46781036257743835,0.15773870050907135,-0.37333038449287415,-1.3599183559417725,-0.2527638375759125,-5.065605640411377,4.210229396820068,7.4057769775390625,-0.3316795825958252,3,0.218597412109375,0,1,1,1,1.0765553712844849,0.618394672870636,0.018813086673617363,0.05418236181139946
74,1.48,-0.4866822063922882,0.30610376596450806,0.20845067501068115,0.10878980159759521,0.41780996322631836,0.3159618377685547,0.030104994773864746,-1.0919113159179688,-0.11160899698734283,-5.2474822998046875,2.759392738342285,7.334342956542969,0.116234689950943,3,0.2502899169921875,0,1,1,1,0.9866029620170593,0.7697280049324036,0.009637054055929184,0.052040763199329376
75,1.5,-0.492933988571167,0.3128105700016022,0.21580328047275543,0.18294018507003784,0.3645298480987549,0.47585442662239075,0.39343172311782837,-0.37578123807907104,-0.44466593861579895,-4.981627464294434,1.8116384744644165,7.0953521728515625,0.0179872028529644,3,0.28045654296875,0,1,1,1,1.18764328956604,0.829883873462677,0.012990077957510948,0.05339828133583069
76,1.52,-0.4979685842990875,0.31754419207572937,0.22205588221549988,0.05057075619697571,0.28143176436424255,0.26134002208709717,0.8637827038764954,-0.6204415559768677,0.29916268587112427,-4.125810146331787,1.213240146636963,7.17047119140625,0.2530042231082916,1,0.302703857421875,0,0,0,1,0.9073984622955322,0.15125247836112976,1.7371493577957153,0.23912674188613892
77,1.54,-0.5026851892471313,0.3200235962867737,0.22547109425067902,-0.018901631236076355,0.23007474839687347,0.0839875191450119,0.9928139448165894,-0.9172618389129639,-0.2643362581729889,-3.0215630531311035,0.2606407105922699,7.216529846191406,-0.26826587319374084,1,0.3253326416015625,0,0,0,1,0.7273566126823425,1.0142889022827148,1.8907876014709473,0.567036509513855
78,1.56,-0.5078220963478088,0.3211076557636261,0.22535468637943268,-0.117576003074646,0.28003811836242676,-0.10037064552307129,1.1949645280838013,-0.9859979152679443,-0.6999343633651733,-1.7335394620895386,-0.8610363602638245,6.653617858886719,0.12582163512706757,1,0.3415374755859375,0,0,0,1,0.4917632043361664,1.1081488132476807,2.0361220836639404,0.6209575533866882
79,1.58,-0.5133466124534607,0.32264676690101624,0.223643958568573,0.02224545180797577,0.31875625252723694,-0.0012715819757431746,0.2712455987930298,-0.18161804974079132,0.3234514594078064,-0.4975510239601135,-1.6848080158233643,6.4589996337890625,0.3499999940395355,2,0.3323822021484375,1,0,0,1,0.07996372878551483,1.1335506439208984,1.2055959701538086,0.18138566613197327
80,1.6,-0.5192475318908691,0.32537704706192017,0.22276625037193298,-0.01560412347316742,0.33342987298965454,-0.038209881633520126,0.04642366245388985,0.06529515236616135,-0.15920141339302063,-0.2745996415615082,-1.6970590353012085,6.5211181640625,-0.27968013286590576,2,0.3424835205078125,1,0,0,1,0.026051681488752365,1.2970408201217651,1.2625905275344849,0.014793847687542439
81,1.62,-0.5256783366203308,0.32823094725608826,0.22201156616210938,0.00925232470035553,0.3560788333415985,0.029813170433044434,-0.3953043222427368,0.6687620878219604,0.1907694935798645,-0.566466748714447,-1.4241760969161987,6.489219665527344,0.05768897756934166,3,0.43180084228515625,1,0,1,1,0.4605032205581665,1.2300559282302856,0.2048424631357193,0.05637677013874054
82,1.6400000000000001,-0.5319704413414001,0.3308652639389038,0.2224614918231964,-0.018740355968475342,0.3344881534576416,0.07456468045711517,-0.4442497193813324,0.5934446454048157,0.044522322714328766,-1.1221694946289062,-0.6211581230163574,6.601905822753906,-0.18704009056091309,3,0.4642791748046875,1,0,1,1,0.38038763403892517,0.9768568277359009,0.01926366798579693,0.012084524147212505
83,1.6600000000000001,-0.5377535820007324,0.33302783966064453,0.22388064861297607,-0.018350303173065186,0.2884939908981323,0.1221056580543518,-0.2875370383262634,0.14877209067344666,0.07305563241243362,-1.604682445526123,-0.16252978146076202,6.658042907714844,-0.08555212616920471,3,0.4649620056152344,1,0,1,1,0.6601942777633667,0.7180175185203552,0.049306388944387436,0.05762623995542526
84,1.68,-0.5426214337348938,0.33483079075813293,0.2260657548904419,-0.014178887009620667,0.23711079359054565,0.14011859893798828,-0.13022130727767944,-0.11016768217086792,0.03967643901705742,-1.946959376335144,-0.0668242871761322,6.7276763916015625,-0.10596634447574615,3,0.470977783203125,1,0,1,1,0.6924716234207153,0.49932998418807983,0.04371608421206474,0.04950742423534393
85,1.7,-0.5471884608268738,0.3363725244998932,0.2281048744916916,-0.022998616099357605,0.24077224731445312,0.09209609776735306,0.5418256521224976,-0.3532627820968628,0.13606777787208557,-1.7147465944290161,-0.36667579412460327,6.852813720703125,-0.0831478163599968,3,0.4809837341308594,1,0,1,1,0.3875332176685333,0.5889682769775391,0.014222949743270874,0.01329656783491373
86,1.72,-0.5522562265396118,0.33856844902038574,0.22747817635536194,0.005399763584136963,0.3022060990333557,-0.09482420235872269,0.7729519605636597,0.8644399642944336,-0.09532822668552399,-0.941211462020874,0.10435523092746735,6.842742919921875,-0.151604562997818,1,0.49494171142578125,0,0,1,0,0.3858078420162201,0.9959695935249329,0.010899143293499947,1.0683679580688477
87,1.74,-0.5578737854957581,0.34168320894241333,0.22569838166236877,0.04094447195529938,0.3596845269203186,-0.06739160418510437,0.26968273520469666,-0.039475224912166595,0.7991800904273987,-0.3877274692058563,0.38065335154533386,7.331108093261719,0.010451745241880417,2,0.5070419311523438,0,1,1,0,0.4788226783275604,0.017775701358914375,0.14494049549102783,1.7660921812057495
88,1.76,-0.5648214221000671,0.3452122211456299,0.22382324934005737,0.028366118669509888,0.41570159792900085,-0.09170356392860413,0.07996612787246704,-0.26555365324020386,0.02960008755326271,-0.2221565991640091,0.1383187472820282,7.771659851074219,-0.3499999940395355,2,0.07601165771484375,0,1,1,0,0.6196529269218445,0.01549038290977478,0.09324003756046295,1.820408821105957
89,1.78,-0.5728461742401123,0.35031652450561523,0.2221987098455429,0.10393862426280975,0.5253146290779114,-0.0498477965593338,0.18430882692337036,-0.459120512008667,0.172047957777977,-0.061538465321063995,-0.3507799804210663,7.9682464599609375,-0.08429382741451263,2,0.15143585205078125,0,1,1,0,1.2861982583999634,0.01434507966041565,0.008381753228604794,1.6312023401260376
90,1.8,-0.5819013118743896,0.3574889600276947,0.22219520807266235,0.18616345524787903,0.5878643989562988,0.04154198244214058,0.14800956845283508,-0.10474700480699539,-0.13025586307048798,0.1548125147819519,-0.7207164764404297,7.972633361816406,-0.18555127084255219,2,0.244049072265625,0,1,1,0,1.3576077222824097,0.01164570078253746,0.0036460848059505224,1.1967554092407227
91,1.82,-0.5908030271530151,0.3661375343799591,0.22263260185718536,0.24064016342163086,0.5669074654579163,0.016365651041269302,0.020765960216522217,1.215135097503662,0.07067475467920303,0.24838857352733612,0.06610969454050064,7.965858459472656,0.026027008891105652,2,0.333526611328125,0,1,1,0,1.264230728149414,0.014722323976457119,0.010236031375825405,0.6109054088592529
92,1.84,-0.5987908840179443,0.37350359559059143,0.21930471062660217,0.13181990385055542,0.4734107553958893,-0.2464301735162735,-0.054616779088974,0.6933574676513672,-0.14559252560138702,0.221481055021286,0.9846166372299194,7.919319152832031,-0.11457124352455139,0,0.3838653564453125,0,0,0,0,0.6108080148696899,0.7836774587631226,1.8444889783859253,0.14468657970428467
93,1.86,-0.6061612367630005,0.3781670033931732,0.21607442200183868,0.038282886147499084,0.4370322823524475,-0.06614542752504349,-0.39596670866012573,0.0845506340265274,-0.1214989721775055,-0.007911660708487034,1.1357992887496948,7.753684997558594,0.03718142211437225,2,0.3945770263671875,1,0,0,1,0.02557966858148575,1.033382773399353,1.7960454225540161,0.027669843286275864
94,1.8800000000000001,-0.6144552826881409,0.382731556892395,0.21482020616531372,0.02544243633747101,0.49958038330078125,-0.01708521880209446,-0.2279002070426941,0.4096112549304962,-0.49207228422164917,-0.37696340680122375,1.5376739501953125,7.3553466796875,0.02161680907011032,2,0.11756324768066406,1,0,0,1,0.03216123580932617,1.1642014980316162,1.1326823234558105,0.02515190653502941
95,1.9000000000000001,-0.6231450438499451,0.3872146010398865,0.21414963901042938,0.012428522109985352,0.4872782230377197,0.006957658566534519,-0.3570690155029297,-0.46525779366493225,-0.06697708368301392,-0.7393824458122253,1.4682855606079102,7.09033203125,0.28414660692214966,2,0.23145675659179688,1,0,0,1,0.03556114435195923,1.0918062925338745,1.457467794418335,0.034415554255247116
96,1.92,-0.6319974660873413,0.3908554017543793,0.21490757167339325,-0.037634700536727905,0.466464102268219,0.11760322749614716,-0.23371325433254242,0.21592555940151215,-0.01833515614271164,-1.158503532409668,1.5646580457687378,7.038658142089844,-0.011338528245687485,3,0.34558868408203125,1,0,1,1,0.553581953048706,0.924569845199585,0.03410043194890022,0.059403639286756516
97,1.94,-0.6413504481315613,0.3935428559780121,0.21730582416057587,-0.11393418908119202,0.48355135321617126,0.158456489443779,0.1724388748407364,0.10520923137664795,-0.4621410369873047,-1.2206300497055054,1.943105936050415,6.644874572753906,-0.04498212784528732,3,0.4333152770996094,1,0,1,1,0.8090463876724243,0.6511200070381165,0.04594777524471283,0.07680841535329819
98,1.96,-0.6506977081298828,0.39554259181022644,0.2190796583890915,-0.08551415801048279,0.4475213289260864,0.051512960344552994,-0.24612009525299072,0.9943337440490723,0.5604491233825684,-1.3708833456039429,2.6537704467773438,6.764404296875,0.26877474784851074,2,0.4698905944824219,1,0,1,0,0.7294987440109253,0.747687816619873,0.2916370630264282,0.19659747183322906
99,1.98,-0.6601438522338867,0.39779090881347656,0.21532391011714935,-0.04566040635108948,0.49117758870124817,-0.30663201212882996,0.36917686462402344,0.9992141127586365,0.024805309250950813,-1.0934863090515137,3.746026039123535,6.951568603515625,-0.3499999940395355,1,0.4740867614746094,0,1,0,0,0.5687827467918396,0.16602134704589844,0.36013492941856384,1.2302786111831665
100,2.0,-0.6711189150810242,0.40177804231643677,0.21010901033878326,0.028521418571472168,0.6705743074417114,-0.19945909082889557,0.3254662752151489,-0.5704663991928101,0.41049110889434814,-0.7698765993118286,3.6948068141937256,7.313652038574219,-0.07449637353420258,2,0.020761489868164062,0,1,1,0,0.7868437767028809,0.024962764233350754,0.00686182826757431,1.370331048965454
101,2.02,-0.6826674938201904,0.4081473648548126,0.20716336369514465,0.09719200432300568,0.6444780826568604,-0.07239579409360886,-0.06801354885101318,-0.8513568639755249,-0.0010905619710683823,-0.5995441675186157,2.7376468181610107,7.5399932861328125,-0.3473202884197235,2,0.06929779052734375,0,1,1,0,1.2361819744110107,0.023132551461458206,0.005721000488847494,1.2072619199752808
102,2.04,-0.6933462023735046,0.4152657985687256,0.20740896463394165,0.07874856889247894,0.5692669153213501,0.1705271303653717,-0.08120650053024292,-1.1733641624450684,-0.20080524682998657,-0.7593637704849243,1.6287446022033691,7.472724914550781,-0.06099071353673935,3,0.14190673828125,0,1,1,1,1.270509958267212,0.3664593994617462,0.009993283078074455,0.057289887219667435
103,2.06,-0.7016843557357788,0.42256397008895874,0.213400736451149,0.19968530535697937,0.4905778467655182,0.43304672837257385,0.16690388321876526,-0.6281967759132385,-0.32989007234573364,-0.7216778993606567,0.556358277797699,7.194221496582031,0.07933784276247025,3,0.2321624755859375,0,1,1,1,1.1966826915740967,0.6439594030380249,0.017822984606027603,0.040504321455955505
104,2.08,-0.7081960439682007,0.42840760946273804,0.21933940052986145,0.07316837459802628,0.38026392459869385,0.24948164820671082,0.686886191368103,-0.7661684155464172,0.23164348304271698,-0.07913598418235779,-0.2763371169567108,7.246612548828125,0.17188450694084167,1,0.3108978271484375,0,0,0,1,0.8297368884086609,0.08012410253286362,1.720362901687622,0.03535116836428642
105,2.1,-0.7148735523223877,0.43140071630477905,0.2229537069797516,-0.07564057409763336,0.3560307025909424,0.09180762618780136,0.6844164133071899,-1.0564854145050049,-0.8432495594024658,0.6854436993598938,-1.3353265523910522,6.782623291015625,-0.22160042822360992,1,0.350555419921875,0,0,0,1,0.4667924642562866,0.950599193572998,2.0959722995758057,0.021832264959812164
106,2.12,-0.720915675163269,0.43408748507499695,0.22436115145683289,0.056604571640491486,0.3236280679702759,0.0648471787571907,-0.37955141067504883,-0.42581889033317566,0.3385728895664215,0.7646710872650146,-2.1614596843719482,6.568336486816406,0.3499999940395355,2,0.3414306640625,1,0,0,1,0.144466832280159,0.48076003789901733,1.5088086128234863,0.3427363634109497
107,2.14,-0.7274452447891235,0.4370309114456177,0.22463823854923248,-0.05461938679218292,0.3828338384628296,0.02382909692823887,-0.5440158843994141,0.25946736335754395,-0.7734280824661255,0.24900245666503906,-2.135939598083496,6.1661529541015625,-0.2911238670349121,2,0.216522216796875,1,0,0,1,0.2613218128681183,0.8183057904243469,1.8038159608840942,0.041965898126363754
108,2.16,-0.734154224395752,0.44034886360168457,0.22467491030693054,0.026400968432426453,0.3763118088245392,0.0383906327188015,-0.863450825214386,0.08752331137657166,0.0706540122628212,-0.5617907047271729,-1.7627290487289429,5.8084564208984375,0.3499999940395355,2,0.326202392578125,1,0,0,1,0.5850925445556641,0.9269222021102905,1.2094634771347046,0.2345561385154724
109,2.18,-0.7406165599822998,0.44383078813552856,0.22352001070976257,-0.002515166997909546,0.35487422347068787,-0.04047580063343048,-0.9176433086395264,-0.31691116094589233,-0.18941248953342438,-1.5950089693069458,-1.8797768354415894,5.7454681396484375,-0.09761247038841248,2,0.4188079833984375,1,0,0,1,0.16760890185832977,1.1304616928100586,1.2436814308166504,0.021117066964507103
110,2.2,-0.7475090026855469,0.44698241353034973,0.22104935348033905,-0.03474648296833038,0.3946676254272461,-0.017409270629286766,-1.075584888458252,-0.9344056844711304,-0.03240450471639633,-2.7389097213745117,-2.5627408027648926,5.635040283203125,0.0849287360906601,3,0.46059417724609375,1,0,1,1,0.014760465361177921,1.0488455295562744,0.7917526960372925,0.3974277377128601
111,2.22,-0.7538883090019226,0.4505654275417328,0.22078846395015717,0.03217606246471405,0.35696879029273987,0.07883236557245255,-0.6903866529464722,0.4961467981338501,0.11895167827606201,-3.768739700317383,-1.9861642122268677,5.7322845458984375,-0.024109644815325737,2,0.46395111083984375,0,0,1,1,0.8120969533920288,0.8343429565429688,0.02307756617665291,0.024850940331816673
112,2.24,-0.7599624395370483,0.45420733094215393,0.22199398279190063,0.038326263427734375,0.33476072549819946,0.12162429839372635,-0.07679542899131775,0.271332710981369,-0.11512210965156555,-4.241740703582764,-1.5358397960662842,5.6778717041015625,-0.13082259893417358,3,0.4665565490722656,1,0,1,1,0.5413062572479248,0.6281308531761169,0.0182965025305748,0.008134923875331879
113,2.2600000000000002,-0.7661398649215698,0.4578072130680084,0.2239769846200943,0.028392985463142395,0.3565446138381958,0.12299328297376633,0.8011875152587891,0.14270418882369995,0.20295403897762299,-3.773608922958374,-1.3615970611572266,5.741508483886719,0.03345637395977974,2,0.473175048828125,0,0,1,1,0.40935012698173523,0.6332242488861084,0.0130232535302639,0.024292847141623497
114,2.2800000000000002,-0.7730875611305237,0.46213364601135254,0.2241678684949875,0.04815821349620819,0.43960267305374146,-0.043602630496025085,1.037605881690979,1.4453988075256348,-0.2782415747642517,-2.7300050258636475,-0.23949699103832245,5.590003967285156,-0.1896967738866806,1,0.484375,0,0,1,0,0.38086384534835815,1.0191543102264404,0.022378912195563316,1.1706839799880981
115,2.3000000000000003,-0.7798965573310852,0.4674053192138672,0.22222352027893066,0.08209934830665588,0.4524949789047241,-0.03421508148312569,0.31712234020233154,0.3347911238670349,0.5833585858345032,-1.7229584455490112,1.249692678451538,5.734336853027344,0.14833007752895355,2,0.4952812194824219,0,1,1,0,0.6067832112312317,0.08645366132259369,0.06420379877090454,1.7838084697723389
116,2.32,-0.7883186936378479,0.47280848026275635,0.2205500602722168,0.06845490634441376,0.5379335284233093,-0.06673482060432434,0.12297099083662033,0.10691649466753006,0.23969455063343048,-1.446457862854004,1.5475106239318848,6.175933837890625,-0.3499999940395355,2,0.1530609130859375,0,1,1,0,0.6227701902389526,0.014223160222172737,0.0139185581356287,1.9200575351715088
117,2.34,-0.7976083755493164,0.47869619727134705,0.21845468878746033,0.06737548112869263,0.5543927550315857,-0.07511091232299805,-0.1932772994041443,-0.04318373650312424,-0.26565632224082947,-1.5107672214508057,1.5478627681732178,6.1319427490234375,-0.2188270092010498,2,0.228759765625,0,1,1,0,0.7814643979072571,0.023014772683382034,0.013788663782179356,1.7935479879379272
118,2.36,-0.8060451745986938,0.4842728078365326,0.2167537957429886,0.06137274205684662,0.4697427749633789,-0.016578759998083115,-0.5121443271636963,-0.01065671443939209,0.1954944133758545,-1.9278405904769897,1.4473215341567993,6.209648132324219,0.13526400923728943,2,0.2878875732421875,0,1,1,0,1.08989679813385,0.016394291073083878,0.014282739721238613,1.1485992670059204
119,2.38,-0.814979076385498,0.4904378354549408,0.21550792455673218,0.11574409902095795,0.5960520505905151,-0.0029064398258924484,-0.5757502317428589,0.3433101177215576,0.004446115344762802,-2.5557451248168945,1.6329319477081299,6.284828186035156,-0.18815180659294128,2,0.337921142578125,0,1,1,0,1.3541979789733887,0.02090442180633545,0.051609545946121216,0.5920137763023376
120,2.4,-0.8247678875923157,0.49918869137763977,0.21435000002384186,0.2437613308429718,0.6534302234649658,0.03023005649447441,-0.7029145359992981,0.818661093711853,-0.10976409912109375,-3.301715612411499,2.334023952484131,6.176399230957031,-0.055008403956890106,2,0.3729095458984375,0,1,1,0,1.226183533668518,0.025016814470291138,0.021508675068616867,0.34332722425460815
121,2.42,-0.8322498798370361,0.5068339705467224,0.21650129556655884,0.14363665878772736,0.403541624546051,0.24422292411327362,0.009681614115834236,0.046655260026454926,-0.2763836085796356,-3.6722419261932373,2.6212165355682373,5.869743347167969,0.025790229439735413,2,0.40234375,0,0,1,1,1.1892579793930054,0.5287817716598511,0.0007818421581760049,0.03541426733136177
122,2.44,-0.8374912738800049,0.5110610723495483,0.21855084598064423,0.00040656328201293945,0.2898317277431488,0.0861942246556282,0.6503916382789612,-1.1233594417572021,-0.044613324105739594,-3.220986843109131,1.8543351888656616,5.764900207519531,0.14483246207237244,1,0.4234466552734375,0,0,0,1,0.686410665512085,0.8421835899353027,1.831626057624817,0.030553074553608894
123,2.46,-0.8438555002212524,0.5130686163902283,0.21866555511951447,-0.09170940518379211,0.36441829800605774,-0.06883390992879868,1.1256183385849,-1.623111367225647,-0.22196289896965027,-2.1747665405273438,0.2252618670463562,5.665138244628906,-0.016583407297730446,1,0.4385223388671875,0,0,0,1,0.45981550216674805,1.3553334474563599,2.0465357303619385,0.028832772746682167
124,2.48,-0.8520618081092834,0.5157415866851807,0.21905270218849182,-0.056336939334869385,0.4791933298110962,0.07281425595283508,0.303143173456192,0.03551919758319855,-0.5381572842597961,-1.512525200843811,-0.3805631995201111,5.223701477050781,0.1083449199795723,2,0.435272216796875,1,0,0,1,0.027012156322598457,0.9987622499465942,1.0854363441467285,0.012534886598587036
125,2.5,-0.8623917102813721,0.5190383195877075,0.22049856185913086,-0.12952086329460144,0.5539467334747314,0.11632686853408813,0.27534326910972595,0.9688493013381958,-0.24508467316627502,-1.2120344638824463,0.16639146208763123,4.711299896240234,0.3331480026245117,3,0.3400917053222656,1,0,1,1,0.0712781623005867,0.7119998931884766,0.5300424695014954,0.02607942372560501
126,2.52,-0.8736053109169006,0.5213666558265686,0.22153060138225555,-0.15721005201339722,0.5396284461021423,0.03396270051598549,-0.21511310338974,1.4019725322723389,0.18979066610336304,-1.2893298864364624,1.5480542182922363,4.681068420410156,0.13202159106731415,1,0.42429351806640625,0,0,1,0,0.3765719532966614,0.8650020956993103,0.5277562141418457,0.1578899621963501
127,2.54,-0.8846927881240845,0.5239471197128296,0.21732641756534576,-0.09054288268089294,0.5707449913024902,-0.34005990624427795,0.4643774628639221,1.3232100009918213,0.019222751259803772,-0.9484687447547913,2.944854259490967,4.776935577392578,-0.17215372622013092,0,0.46108245849609375,0,0,0,0,0.17310819029808044,0.3496271073818207,0.0515480600297451,1.058104395866394
128,2.56,-0.895534098148346,0.527108907699585,0.21159888803958893,-0.06366240978240967,0.5519140362739563,-0.14888830482959747,-0.5953642129898071,0.6494084000587463,0.4188801050186157,-0.9885866045951843,4.096729755401611,5.004192352294922,-0.05350913852453232,2,0.45706939697265625,0,1,1,0,0.8284792900085449,0.03122168593108654,0.02709665335714817,1.2533084154129028
129,2.58,-0.9073585867881775,0.5322448015213013,0.2082730233669281,0.028929322957992554,0.711644172668457,-0.09955175966024399,-0.46329301595687866,-0.27289503812789917,0.12293656170368195,-1.5825252532958984,4.206856727600098,5.245578765869141,-0.3350541293621063,2,0.15079498291015625,0,1,1,0,0.98471999168396,0.025385534390807152,0.14910463988780975,1.356881856918335
130,2.6,-0.9188657999038696,0.5401820540428162,0.2060600221157074,0.16109423339366913,0.662521481513977,0.003336312249302864,-0.5868602991104126,-0.7626447677612305,0.04329470545053482,-2.1444804668426514,3.5992414951324463,5.429775238037109,-0.12978938221931458,3,0.204254150390625,0,1,1,1,1.1661391258239746,0.030392877757549286,0.014555320143699646,0.8264250159263611
131,2.62,-0.9279471039772034,0.5469903349876404,0.20855025947093964,0.0972934365272522,0.529060423374176,0.24610629677772522,-0.10052335262298584,-0.8845905065536499,-0.3761744201183319,-2.4870638847351074,2.2688188552856445,5.195156097412109,-0.07548680901527405,3,0.2627410888671875,0,1,1,1,1.2844092845916748,0.8146708607673645,0.030130265280604362,0.059976451098918915
132,2.64,-0.9351939558982849,0.5546950101852417,0.21535325050354004,0.20091548562049866,0.44828730821609497,0.47694748640060425,0.21286898851394653,-0.499567449092865,-0.38618266582489014,-2.438875675201416,1.3546370267868042,4.838626861572266,0.21998418867588043,3,0.3131561279296875,0,1,1,1,1.2157953977584839,0.9559532403945923,0.023947900161147118,0.05314279720187187
133,2.66,-0.9409544467926025,0.5604841113090515,0.22181186079978943,0.060836464166641235,0.34480971097946167,0.27176904678344727,0.7763254046440125,-0.6905840635299683,0.23696637153625488,-1.7292745113372803,0.6420935392379761,4.881725311279297,0.22979013621807098,1,0.334014892578125,0,0,0,1,0.9183483719825745,0.09931983053684235,1.7545313835144043,0.10528317838907242
134,2.68,-0.9471815228462219,0.5631133913993835,0.22553610801696777,-0.10255393385887146,0.33434388041496277,0.10019083321094513,0.8776190280914307,-1.005294680595398,-0.8432419300079346,-0.7785063982009888,-0.35759201645851135,4.429744720458984,-0.2067526876926422,1,0.35321044921875,0,0,0,1,0.34652575850486755,1.047284722328186,2.146618366241455,0.02182379737496376
135,2.7,-0.9534841179847717,0.565392017364502,0.22585231065750122,-0.023449942469596863,0.31234243512153625,-0.050067078322172165,0.6845846176147461,-1.210089087486267,0.06749293953180313,0.33814293146133423,-1.725220799446106,4.022998809814453,0.3499999940395355,2,0.3458099365234375,1,0,0,1,0.4488203823566437,1.0612479448318481,1.8014682531356812,0.6916042566299438
136,2.72,-0.960455060005188,0.568669319152832,0.22587613761425018,-0.05901928246021271,0.423753023147583,-0.007593348156660795,-0.05171073228120804,0.1890730857849121,-0.7025523781776428,0.46347901225090027,-1.9139297008514404,3.6374893188476562,-0.08137691766023636,2,0.21799468994140625,1,0,0,1,0.18599814176559448,0.9671845436096191,1.841464638710022,0.08061051368713379
137,2.74,-0.9678163528442383,0.572591245174408,0.22564151883125305,0.025964826345443726,0.41403257846832275,0.011781655251979828,-0.5322993397712708,0.16897761821746826,0.17567899823188782,0.1420990228652954,-1.5735028982162476,3.3887100219726562,0.3499999940395355,2,0.32855987548828125,1,0,0,1,0.36126989126205444,1.0366384983062744,1.2158803939819336,0.30912986397743225
138,2.7600000000000002,-0.9748596549034119,0.5766401290893555,0.22433756291866302,-0.004655003547668457,0.3933802545070648,-0.06187976896762848,-0.5956321358680725,-0.13409066200256348,-0.15184646844863892,-0.5166677832603455,-1.5174585580825806,3.401336669921875,-0.15212538838386536,2,0.42011260986328125,1,0,0,1,0.23766720294952393,1.2282145023345947,1.2594635486602783,0.022821223363280296
139,2.7800000000000002,-0.9821571111679077,0.5803693532943726,0.221952423453331,-0.0036138296127319336,0.4271235167980194,-0.03514086455106735,-0.867645263671875,0.7078452110290527,0.1296074092388153,-1.3853154182434082,-1.7902843952178955,3.3051834106445312,0.07704325020313263,3,0.4607086181640625,1,0,1,1,0.5022619366645813,1.1044089794158936,0.42012640833854675,0.13459886610507965
140,2.8000000000000003,-0.9891656041145325,0.5843107104301453,0.22120404243469238,0.01607021689414978,0.3963996171951294,0.0345848947763443,-0.47776129841804504,0.33467376232147217,-0.06466837972402573,-2.2118029594421387,-1.2717199325561523,3.2989578247070312,-0.11921925097703934,3,0.4632759094238281,1,0,1,1,0.8980553150177002,0.8991992473602295,0.05603541433811188,0.06694847345352173
141,2.82,-0.9952278733253479,0.5880851149559021,0.22169122099876404,0.03584621846675873,0.33068808913230896,0.07968062162399292,-0.19555030763149261,0.24747848510742188,0.06862682849168777,-2.7184505462646484,-0.8238757252693176,3.2926025390625,0.016822664067149162,3,0.4665794372558594,1,0,1,1,0.9169551730155945,0.6588085293769836,0.05534619465470314,0.06528064608573914
142,2.84,-1.0002590417861938,0.5915648937225342,0.22343343496322632,0.040839120745658875,0.2842479348182678,0.13554249703884125,0.1011420264840126,0.021340828388929367,-0.057704903185367584,-2.887951612472534,-0.6063339114189148,3.2940292358398438,-0.07643409073352814,3,0.472442626953125,1,0,1,1,0.8294976353645325,0.4636009931564331,0.045224592089653015,0.060660362243652344
143,2.86,-1.0051066875457764,0.5947794914245605,0.2257964313030243,0.02772926539182663,0.28944388031959534,0.11621776223182678,0.8454384803771973,-0.2288796454668045,0.15181413292884827,-2.3523147106170654,-0.7699059247970581,3.3835906982421875,0.01198701374232769,3,0.48070526123046875,1,0,1,1,0.4962508976459503,0.572028398513794,0.016309721395373344,0.020054595544934273
144,2.88,-1.0105232000350952,0.598757803440094,0.22585873305797577,0.05708000063896179,0.3628501892089844,-0.06749129295349121,1.0994443893432617,1.0178714990615845,-0.21500489115715027,-1.2250508069992065,-0.12291819602251053,3.295734405517578,-0.13537979125976562,1,0.4930992126464844,0,0,1,0,0.45949026942253113,1.0135759115219116,0.013220969587564468,1.23114013671875
145,2.9,-1.0168222188949585,0.6033086180686951,0.22542381286621094,0.06901250779628754,0.4182732403278351,-0.003996479324996471,0.4665589928627014,-0.03899291157722473,0.6585984230041504,-0.4251343011856079,0.2910725474357605,3.5509605407714844,0.12208349257707596,2,0.5036468505859375,0,1,1,0,0.6213367581367493,0.032650962471961975,0.0040539526380598545,1.8388240337371826
146,2.92,-1.024351716041565,0.6084504723548889,0.22487841546535492,0.0496194064617157,0.4795035421848297,-0.03832010552287102,0.28441962599754333,-0.2700045108795166,-0.23083257675170898,-0.011300393380224705,0.07081963866949081,3.7411880493164062,-0.3499999940395355,2,0.07891464233398438,0,1,1,0,0.7498376369476318,0.020075282081961632,0.12971997261047363,1.8780957460403442
147,2.94,-1.0328519344329834,0.6151832342147827,0.22437988221645355,0.12894339859485626,0.5894590020179749,-0.009997205808758736,0.3870406448841095,-0.5481381416320801,0.26228398084640503,0.38679075241088867,-0.49166128039360046,3.875652313232422,0.129664346575737,2,0.15662384033203125,0,1,1,0,1.3528889417648315,0.01804681494832039,0.014836614020168781,1.7136127948760986
148,2.96,-1.0421278476715088,0.6238451600074768,0.22522999346256256,0.2023867666721344,0.6280916929244995,0.06274998933076859,0.31218475103378296,-0.20192889869213104,-0.15700595080852509,0.8253116607666016,-0.9855841994285583,3.888092041015625,-0.2165733277797699,2,0.25213623046875,0,1,1,0,1.4211806058883667,0.01464095525443554,0.007347912061959505,1.2591004371643066
149,2.98,-1.0508191585540771,0.6336249709129333,0.22621718049049377,0.24883297085762024,0.5918577909469604,0.021036267280578613,0.17783182859420776,1.1225595474243164,0.052487146109342575,1.1052660942077637,-0.3106236457824707,3.861583709716797,0.07683193683624268,2,0.3430938720703125,0,1,1,0,1.3135313987731934,0.01621541753411293,0.007286736276000738,0.728979229927063
150,3.0,-1.0585614442825317,0.6418454647064209,0.22331668436527252,0.13994580507278442,0.48183104395866394,-0.20491798222064972,-0.1936209499835968,0.6951077580451965,-0.08832011371850967,1.2333366870880127,0.5159784555435181,3.8083839416503906,-0.0696050375699997,1,0.393280029296875,1,0,0,0,0.271735280752182,0.7930241227149963,1.7978873252868652,0.234047532081604
151,3.02,-1.0659472942352295,0.6484989523887634,0.21952465176582336,0.04717688262462616,0.43925490975379944,-0.05227964371442795,-0.463644802570343,0.2949276566505432,-0.195177361369133,0.666214108467102,1.391606092453003,3.7474899291992188,0.029377881437540054,2,0.03192329406738281,1,0,0,1,0.026665912941098213,1.1483303308486938,1.796924114227295,0.020422251895070076
152,3.04,-1.073591709136963,0.653706967830658,0.2183643877506256,0.042146384716033936,0.4793500304222107,-0.02054634690284729,-0.2877408564090729,0.5310243964195251,-0.42609888315200806,0.22289681434631348,1.964677095413208,3.3619346618652344,0.1046561449766159,2,0.11501121520996094,1,0,0,1,0.03027712181210518,1.1521533727645874,1.1709407567977905,0.01956070214509964
153,3.06,-1.0814639329910278,0.6588764786720276,0.21755625307559967,0.026014789938926697,0.46732449531555176,-0.009129700250923634,-0.3720150291919708,-0.3268975615501404,-0.1470206379890442,-0.183341845870018,2.0557098388671875,3.0697593688964844,0.2693294584751129,2,0.22754669189453125,1,0,0,1,0.03038066066801548,1.1985784769058228,1.4463049173355103,0.03197277709841728
154,3.08,-1.0905827283859253,0.6633734703063965,0.21739435195922852,-0.0743054747581482,0.5128099322319031,0.07307262718677521,-0.27268466353416443,0.4110705554485321,-0.5368654727935791,-0.5654404163360596,1.9931957721710205,2.529560089111328,0.07626943290233612,3,0.3416900634765625,1,0,1,1,0.3326182961463928,0.95717853307724,0.026291830465197563,0.017699655145406723
155,3.1,-1.100187063217163,0.6672120690345764,0.21745187044143677,-0.03851945698261261,0.4996296763420105,-0.0038166092708706856,-0.6841999292373657,1.183349370956421,0.5827178359031677,-1.2079170942306519,2.926138162612915,2.648529052734375,0.3499999940395355,1,0.431427001953125,0,0,1,0,0.6909202337265015,0.5790376663208008,0.14904773235321045,0.2204793095588684
156,3.12,-1.1100008487701416,0.6714872717857361,0.2122548669576645,0.006893664598464966,0.5506770610809326,-0.3574427664279938,-0.05004525184631348,1.0685288906097412,0.04605919122695923,-1.3890544176101685,4.124512672424316,2.8385696411132812,-0.3499999940395355,1,0.46974945068359375,0,1,0,0,0.6062397360801697,0.06470701843500137,0.4768332540988922,1.166675329208374
157,3.14,-1.12006413936615,0.676399290561676,0.2066073715686798,0.033192187547683716,0.5608420372009277,-0.13486607372760773,-0.8518269658088684,0.4616294801235199,0.4572141170501709,-1.9641516208648682,4.73958683013916,3.073822021484375,-0.05707074701786041,2,0.07724380493164062,0,1,1,0,1.0162419080734253,0.026558667421340942,0.02575765922665596,1.3938989639282227
158,3.16,-1.1310514211654663,0.68380206823349,0.20332664251327515,0.13853365182876587,0.7370398044586182,-0.05480559915304184,-0.6171367168426514,-0.44110798835754395,0.245042622089386,-2.7758986949920654,4.649558067321777,3.4185714721679688,-0.3467269241809845,2,0.1356201171875,0,1,1,0,1.0778917074203491,0.014211952686309814,0.11015176773071289,1.3491278886795044
159,3.18,-1.1416020393371582,0.6934719681739807,0.20232337713241577,0.1172601729631424,0.5534365773200989,0.18423548340797424,-0.3149983584880829,-1.5560548305511475,-0.14652223885059357,-3.4201407432556152,3.6834261417388916,3.6441497802734375,-0.2009143978357315,3,0.18292999267578125,0,1,1,1,1.1267499923706055,0.34662339091300964,0.01103995367884636,0.059617090970277786
160,3.2,-1.1498826742172241,0.7015595436096191,0.20617492496967316,0.15725082159042358,0.5157153606414795,0.3267478048801422,0.061115920543670654,-1.0861632823944092,-0.12480088323354721,-3.5530447959899902,2.3483474254608154,3.6105880737304688,0.07140924036502838,3,0.239715576171875,0,1,1,1,1.165648102760315,0.6040903925895691,0.010436213575303555,0.05433011054992676
161,3.22,-1.1564946174621582,0.7102447152137756,0.21410806477069855,0.24067139625549316,0.43707603216171265,0.507154643535614,0.3245781362056732,-0.3270522952079773,-0.3994566798210144,-3.3073432445526123,1.4363564252853394,3.36651611328125,0.05646790564060211,3,0.2893524169921875,0,1,1,1,1.1977084875106812,0.8241117596626282,0.029887020587921143,0.04731358587741852
162,3.24,-1.1616835594177246,0.7167922854423523,0.2210574448108673,0.09912548214197159,0.3327672779560089,0.3049476444721222,0.8092349767684937,-0.5446163415908813,0.29132214188575745,-2.513420343399048,0.8890050053596497,3.4327621459960938,0.2506438195705414,1,0.3123016357421875,0,0,0,1,0.9476159811019897,0.11238636821508408,1.74478018283844,0.10743092745542526
163,3.2600000000000002,-1.1671613454818726,0.7200588583946228,0.2254652976989746,-0.0719120055437088,0.2981417775154114,0.1424170583486557,0.875903844833374,-0.8937650918960571,-0.8417887687683105,-1.5525829792022705,0.027598286047577858,3.0484771728515625,-0.23342157900333405,1,0.3329010009765625,0,0,0,1,0.2888506054878235,1.0165910720825195,2.1184611320495605,0.019343050196766853
164,3.2800000000000002,-1.1724705696105957,0.7228200435638428,0.22654996812343597,0.019834913313388824,0.29382002353668213,-0.04534269869327545,1.0294758081436157,-1.1991815567016602,0.02354518324136734,-0.42123255133628845,-1.2251582145690918,2.684162139892578,0.3499999940395355,1,0.32952880859375,0,0,0,1,1.1479575634002686,1.0359188318252563,1.8214211463928223,0.542338490486145
165,3.3000000000000003,-1.1786231994628906,0.726716160774231,0.2266276329755783,-0.0010037273168563843,0.4164532721042633,0.02099686488509178,0.06223786622285843,-0.12983347475528717,-0.6464926600456238,0.02552741952240467,-1.7815901041030884,2.291423797607422,-0.040098100900650024,2,0.3348236083984375,1,0,0,1,0.2996256351470947,1.0720490217208862,1.8682657480239868,0.22095522284507751
166,3.3200000000000003,-1.185149908065796,0.7316331267356873,0.22696298360824585,0.08164682984352112,0.40013235807418823,0.03392835706472397,-0.4056931138038635,0.02165853977203369,0.20811711251735687,-0.1464707851409912,-1.6499239206314087,2.089649200439453,0.3499999940395355,2,0.33538055419921875,1,0,0,1,0.39906156063079834,1.019283413887024,1.245895504951477,0.34051936864852905
167,3.34,-1.191360592842102,0.7365912199020386,0.22613811492919922,0.045034974813461304,0.3799404501914978,-0.0428437776863575,-0.5002655386924744,-0.1948835551738739,-0.13851554691791534,-0.6663415431976318,-1.723808765411377,2.126483917236328,-0.16462920606136322,2,0.42682647705078125,1,0,0,1,0.17127959430217743,1.240174651145935,1.326277732849121,0.02329035848379135
168,3.36,-1.1971105337142944,0.7409554719924927,0.22394871711730957,0.040131017565727234,0.3452119827270508,-0.09035205096006393,-0.6853533983230591,-0.6804972887039185,-0.09035075455904007,-1.3463935852050781,-2.241877794265747,1.9944839477539062,0.07772434502840042,2,0.4646148681640625,1,0,0,1,0.1737583875656128,1.2320455312728882,1.3774036169052124,0.033450473099946976
169,3.38,-1.2019952535629272,0.7452213764190674,0.22338241338729858,0.07405249774456024,0.31006568670272827,0.054549846798181534,-0.6382503509521484,0.09422621130943298,0.10128772258758545,-2.223069906234741,-2.0565013885498047,2.06695556640625,0.04504571855068207,3,0.4597930908203125,1,0,1,1,0.8950416445732117,0.8751499652862549,0.09122172743082047,0.07619915902614594
170,3.4,-1.2067804336547852,0.7492119073867798,0.22411106526851654,0.053063251078128815,0.308040589094162,0.09057418256998062,-0.3685169816017151,0.10567493736743927,-0.08055545389652252,-2.9240176677703857,-1.797348141670227,2.0559463500976562,-0.08967053145170212,3,0.45583343505859375,1,0,1,1,0.8870420455932617,0.5276864171028137,0.04868439584970474,0.07226745784282684
171,3.42,-1.2121039628982544,0.7529212236404419,0.22514136135578156,0.027153760194778442,0.33521413803100586,0.06247575208544731,0.5665193200111389,0.05063837766647339,0.16292133927345276,-2.815408229827881,-1.7088263034820557,2.1196327209472656,0.037706159055233,3,0.45880889892578125,1,0,1,1,0.5411617159843445,0.49847832322120667,0.012988438829779625,0.01914769969880581
172,3.44,-1.2180280685424805,0.7566947340965271,0.22621439397335052,0.016913563013076782,0.3558011054992676,0.0410720594227314,1.2548155784606934,0.021029353141784668,-0.15405872464179993,-1.7083840370178223,-1.6888540983200073,2.106578826904297,-0.1332276612520218,2,0.46714019775390625,0,0,1,1,0.41391682624816895,0.6755111813545227,0.021107256412506104,0.022617632523179054
173,3.46,-1.22380793094635,0.7611867785453796,0.22497357428073883,0.07651969790458679,0.349465936422348,-0.16341976821422577,1.3255480527877808,1.210695505142212,0.1398203819990158,-0.2573617100715637,-0.7782062292098999,2.1682777404785156,0.08876083791255951,1,0.478240966796875,0,0,1,0,0.8095299005508423,0.9596554040908813,0.16290953755378723,1.6866799592971802
174,3.48,-1.2300996780395508,0.7657216191291809,0.22240997850894928,0.0049105435609817505,0.43943387269973755,-0.078074611723423,0.5523075461387634,0.03840452432632446,0.08133387565612793,0.9014629125595093,0.10234162956476212,2.2452239990234375,-0.11743905395269394,2,0.48482513427734375,0,1,1,0,0.6756381988525391,0.12321295589208603,0.018656518310308456,1.8269556760787964
175,3.5,-1.2371692657470703,0.7698544859886169,0.22131755948066711,0.004346296191215515,0.38390281796455383,-0.038939692080020905,0.18295033276081085,-0.34098464250564575,0.003903997130692005,1.3170117139816284,-0.13220851123332977,2.3139114379882812,-0.0771029070019722,2,0.16152191162109375,0,1,1,0,1.1712735891342163,0.019589412957429886,0.014714861288666725,1.4694045782089233
176,3.52,-1.2436916828155518,0.7732365131378174,0.22072504460811615,-0.03022618591785431,0.35107165575027466,-0.008267676457762718,-0.18875357508659363,-0.13617148995399475,-0.1807585060596466,1.2996630668640137,-0.4348289966583252,2.1870269775390625,-0.023441489785909653,2,0.253570556640625,0,1,1,0,1.2193316221237183,0.019530801102519035,0.011682753451168537,1.13685142993927
177,3.54,-1.2503552436828613,0.7780019044876099,0.22140374779701233,0.10451431572437286,0.45564693212509155,0.08619190007448196,-0.26683348417282104,0.1980733722448349,0.02995680272579193,1.0366402864456177,-0.4005294144153595,2.1082534790039062,0.10681885480880737,2,0.34356689453125,0,1,1,0,1.1457610130310059,0.008127706125378609,0.013683618977665901,0.8776322603225708
178,3.56,-1.2577276229858398,0.785598874092102,0.22311703860759735,0.20557375252246857,0.537854015827179,0.10993749648332596,-0.3187423348426819,0.46385207772254944,0.01808948814868927,0.6908856630325317,0.022122768685221672,2.197612762451172,-0.04006312042474747,2,0.39764404296875,0,1,1,0,1.2085952758789062,0.012823211029171944,0.010025961324572563,0.39941033720970154
179,3.58,-1.2643297910690308,0.7908697128295898,0.22410209476947784,-0.019977569580078125,0.3823785185813904,0.0037358507979661226,0.20823264122009277,-0.7214813232421875,-0.26827725768089294,0.7241021990776062,-0.5001417994499207,1.9247245788574219,-0.032457828521728516,1,0.420806884765625,0,0,0,1,0.42103245854377747,0.6450040340423584,1.7474323511123657,0.02658713050186634
